Heart Rate (bpm),SpO2 (%),Depression Stage
111,86,3
81,96,1
77,93,1
99,88,3
90,95,1
67,96,0
86,93,2
94,86,3
100,85,3
79,96,0
82,93,1
72,93,1
91,90,2
65,97,0
74,95,1
119,87,3
65,95,0
85,96,1
109,90,3
77,96,0
91,90,2
77,93,1
92,91,2
90,97,1
119,87,3
87,93,2
87,96,1
74,96,0
98,90,3
90,98,1
72,95,0
93,92,2
96,95,2
72,93,1
107,86,3
83,92,2
120,85,3
82,95,1
79,93,1
76,99,0
80,98,1
89,92,2
111,88,3
117,86,3
79,96,1
93,90,2
120,86,3
72,100,0
92,91,2
82,93,1
117,85,3
94,94,2
93,94,2
93,95,2
87,98,1
78,98,1
74,96,1
83,97,1
69,96,0
80,93,1
84,91,2
102,85,3
85,97,1
96,95,2
90,85,3
84,96,1
76,98,0
116,88,3
94,94,2
82,92,2
108,88,3
82,98,1
65,97,0
103,89,3
80,90,2
70,99,0
80,97,0
83,94,2
61,98,0
101,87,3
71,98,1
81,93,2
96,90,3
76,97,0
84,93,1
80,92,2
78,94,1
119,90,3
77,98,0
120,86,3
100,94,2
91,86,3
86,93,1
78,97,0
90,91,2
83,96,1
120,86,3
87,91,2
66,100,0
106,90,3
64,99,0
93,89,3
68,99,0
81,95,1
117,87,3
75,93,1
81,95,1
98,92,2
80,100,0
79,95,1
80,97,0
83,97,1
92,90,3
99,87,3
99,91,2
79,98,0
83,96,1
101,90,3
79,97,0
88,92,2
68,95,0
90,90,3
75,94,1
107,89,3
61,95,0
86,92,2
72,99,0
93,92,2
84,92,2
86,93,2
79,96,1
91,90,2
89,94,1
109,90,3
97,92,2
74,95,1
63,97,0
71,96,1
84,98,1
85,94,2
88,94,1
65,98,0
92,95,2
103,85,3
85,98,1
77,95,0
80,95,1
63,100,0
118,88,3
90,87,3
90,93,2
89,92,2
114,86,3
82,96,1
72,100,0
99,90,2
99,95,2
79,100,0
119,90,3
110,88,3
83,93,2
66,98,0
109,86,3
68,100,0
80,93,1
100,90,2
72,93,1
78,98,0
62,97,0
63,95,0
73,100,0
85,95,1
95,93,2
77,99,0
94,90,2
94,94,2
73,96,0
108,85,3
64,96,0
105,89,3
90,91,2
93,88,3
83,92,2
69,96,0
76,100,0
72,94,1
84,94,1
75,97,1
76,96,0
84,91,2
88,94,1
81,96,1
97,89,3
79,94,1
77,99,0
110,90,3
87,95,2
90,94,1
85,91,2
92,85,3
68,100,0
90,97,1
74,93,1
119,86,3
85,92,2
80,91,2
84,95,2
76,98,0
94,86,3
62,98,0
83,94,2
94,89,3
77,96,0
119,89,3
76,93,1
100,95,2
118,87,3
68,98,0
70,96,0
90,94,2
66,95,0
100,94,2
67,95,0
81,98,1
62,95,0
78,95,1
103,88,3
78,94,1
86,90,2
92,95,2
90,98,1
75,94,1
81,95,2
74,98,1
74,97,1
89,94,2
83,98,1
84,95,2
112,88,3
109,85,3
97,95,2
83,96,1
88,93,1
86,94,2
110,85,3
61,96,0
85,94,2
99,95,2
83,95,2
85,96,1
67,98,0
83,98,1
81,93,2
81,97,1
106,86,3
75,96,0
105,88,3
95,91,2
105,87,3
85,92,2
89,96,1
87,95,1
84,97,1
96,90,2
116,87,3
87,97,1
79,95,1
93,89,3
81,94,1
73,97,0
110,85,3
87,94,2
89,93,1
87,94,1
84,90,2
76,95,1
62,99,0
71,93,1
80,96,0
72,97,1
63,99,0
85,91,2
93,90,2
90,92,2
61,96,0
90,95,1
88,96,1
66,99,0
69,96,0
99,94,2
84,96,1
65,98,0
119,87,3
82,95,1
71,97,1
78,98,1
105,86,3
84,93,2
92,90,3
86,95,2
81,90,2
63,100,0
72,96,1
74,94,1
66,97,0
95,90,3
102,85,3
88,92,2
91,91,2
73,96,0
80,96,1
112,89,3
71,94,1
112,89,3
115,90,3
87,95,2
73,97,0
82,94,2
105,90,3
82,98,1
76,98,1
81,93,1
93,90,2
89,92,2
89,90,2
100,92,2
112,86,3
75,98,0
69,98,0
67,100,0
71,97,1
87,91,2
89,91,2
61,99,0
105,89,3
96,93,2
100,90,2
68,95,0
76,95,0
84,95,1
64,100,0
79,97,1
62,97,0
89,95,1
84,95,1
79,100,0
79,97,1
72,98,1
92,90,3
84,95,2
104,88,3
67,97,0
76,100,0
88,94,2
98,95,2
65,97,0
85,97,1
90,94,1
74,98,0
74,98,0
91,90,3
70,95,0
98,95,2
90,95,2
97,94,2
67,97,0
90,88,3
73,97,1
79,95,0
83,93,2
68,99,0
70,99,0
73,98,1
96,91,2
120,88,3
86,93,2
91,95,2
119,85,3
87,95,2
65,95,0
73,96,0
79,95,0
92,94,2
100,91,2
75,95,0
78,99,0
107,86,3
79,93,1
74,98,0
90,95,2
94,90,2
84,90,2
80,98,1
60,98,0
87,94,2
81,96,1
97,89,3
105,90,3
91,93,2
87,91,2
63,98,0
90,94,1
99,89,3
100,88,3
73,97,0
63,99,0
73,100,0
85,95,1
95,94,2
76,98,1
94,88,3
76,98,0
85,92,2
76,96,0
100,87,3
71,96,1
88,97,1
100,94,2
93,85,3
85,96,1
61,98,0
75,98,1
71,100,0
99,91,2
94,90,3
79,98,1
75,95,1
83,94,1
80,99,0
72,96,1
82,98,1
82,98,1
65,95,0
91,87,3
84,94,1
117,85,3
119,90,3
64,95,0
80,93,1
93,93,2
82,96,1
78,96,1
99,88,3
91,88,3
82,93,2
78,98,1
94,86,3
90,98,1
92,90,3
71,95,1
65,95,0
71,99,0
80,98,1
67,100,0
92,90,3
74,96,1
84,93,2
74,98,0
69,100,0
71,96,1
85,94,1
86,94,1
89,93,2
114,88,3
110,87,3
80,95,0
74,96,1
102,87,3
89,91,2
89,94,2
80,95,0
114,87,3
94,93,2
92,94,2
73,97,1
94,88,3
95,90,3
72,99,0
98,91,2
118,86,3
85,92,2
104,85,3
73,97,0
87,93,1
94,85,3
91,91,2
86,93,2
104,85,3
78,97,0
94,87,3
102,89,3
78,96,0
101,88,3
70,96,0
104,89,3
79,98,1
74,95,0
82,93,2
73,97,0
84,96,1
77,97,1
84,90,2
83,95,2
78,96,0
72,93,1
61,98,0
110,88,3
82,95,2
72,98,1
95,87,3
85,91,2
88,94,2
78,94,1
93,87,3
100,86,3
64,97,0
63,99,0
69,97,0
67,95,0
82,94,1
89,96,1
92,95,2
71,95,1
110,86,3
89,98,1
82,95,1
76,100,0
67,99,0
76,100,0
74,93,1
74,95,0
110,86,3
86,98,1
114,90,3
68,100,0
82,92,2
78,98,0
80,97,0
80,98,1
87,92,2
110,87,3
97,91,2
119,86,3
78,100,0
63,97,0
98,91,2
80,94,1
92,94,2
67,97,0
89,95,2
89,90,2
78,100,0
71,98,0
87,94,2
113,89,3
100,87,3
74,96,0
104,87,3
94,90,3
100,93,2
87,94,1
76,99,0
111,89,3
118,86,3
91,90,3
88,95,1
80,93,2
80,90,2
73,94,1
84,95,1
100,94,2
75,97,1
70,100,0
82,96,1
89,91,2
82,98,1
94,94,2
85,92,2
73,97,1
77,94,1
78,96,0
68,100,0
72,97,0
84,93,1
97,85,3
80,100,0
117,88,3
80,95,1
85,95,2
100,94,2
80,93,2
76,95,0
80,98,0
98,90,3
86,93,1
111,87,3
91,90,2
87,96,1
94,90,2
80,97,1
89,92,2
109,85,3
81,95,2
90,94,1
79,98,0
92,88,3
85,94,1
93,95,2
79,95,0
95,90,3
82,90,2
80,93,1
78,97,0
119,86,3
82,92,2
73,98,0
100,92,2
80,95,1
65,100,0
83,94,2
77,93,1
78,96,1
97,86,3
75,98,1
101,85,3
71,97,1
78,94,1
102,86,3
101,87,3
83,94,1
85,90,2
90,90,3
80,97,1
90,91,2
70,96,1
92,95,2
90,92,2
72,97,1
74,98,0
88,94,1
68,100,0
96,88,3
117,89,3
100,90,3
116,89,3
73,98,1
80,93,1
68,100,0
102,87,3
88,97,1
107,88,3
80,94,1
107,87,3
91,86,3
111,89,3
111,87,3
83,95,2
67,95,0
87,90,2
98,85,3
78,100,0
87,94,1
71,93,1
74,96,0
75,93,1
100,91,2
92,88,3
109,87,3
88,92,2
85,91,2
73,95,1
75,99,0
65,96,0
90,94,1
102,87,3
62,95,0
100,93,2
104,88,3
64,98,0
74,96,0
76,98,0
78,97,0
88,94,2
70,100,0
63,97,0
68,98,0
98,90,2
77,96,0
74,95,0
72,97,0
94,95,2
89,95,2
83,97,1
90,96,1
82,98,1
72,97,1
107,87,3
76,100,0
84,93,1
90,95,2
80,96,1
99,95,2
93,91,2
71,97,0
103,87,3
89,97,1
84,91,2
91,85,3
94,92,2
72,97,1
77,98,1
108,90,3
84,95,1
76,96,1
71,96,0
68,97,0
86,90,2
77,95,0
109,90,3
114,86,3
117,88,3
71,93,1
76,95,1
75,97,0
92,94,2
111,87,3
98,87,3
96,90,3
65,96,0
76,95,0
78,99,0
72,94,1
86,90,2
75,94,1
60,100,0
70,98,0
64,96,0
97,86,3
87,95,1
69,95,0
72,99,0
116,85,3
78,99,0
82,93,1
85,91,2
119,89,3
79,96,1
97,93,2
95,95,2
91,90,2
82,97,1
102,88,3
67,96,0
84,90,2
86,93,2
87,91,2
104,85,3
90,94,2
80,97,1
100,92,2
113,88,3
96,95,2
113,87,3
86,96,1
75,98,0
66,100,0
80,95,0
74,94,1
74,94,1
93,88,3
70,97,1
81,93,2
87,93,2
66,98,0
76,98,0
66,95,0
115,87,3
103,86,3
105,90,3
93,91,2
77,99,0
100,95,2
87,98,1
92,90,2
83,93,2
74,100,0
62,95,0
83,90,2
112,87,3
99,90,2
75,96,1
76,95,0
119,85,3
97,92,2
78,99,0
82,94,1
94,91,2
114,87,3
120,85,3
93,93,2
99,89,3
84,94,1
107,87,3
100,87,3
83,94,2
91,85,3
86,93,1
79,95,0
73,95,0
117,85,3
98,85,3
78,96,1
66,95,0
83,95,1
109,85,3
95,88,3
95,90,2
71,98,1
99,87,3
116,87,3
79,99,0
86,95,1
80,98,0
69,99,0
79,94,1
90,98,1
66,95,0
90,87,3
89,92,2
84,93,1
89,93,2
69,97,0
86,91,2
96,90,3
118,86,3
78,97,1
93,92,2
66,95,0
77,98,0
96,93,2
94,92,2
76,100,0
82,94,2
86,95,1
84,93,2
102,88,3
77,96,0
84,92,2
80,95,2
72,93,1
94,92,2
87,98,1
75,97,1
111,87,3
70,98,0
72,97,0
67,98,0
71,97,1
95,95,2
85,97,1
63,99,0
85,96,1
100,90,2
108,88,3
85,96,1
88,91,2
97,95,2
78,95,0
78,95,1
100,89,3
90,90,2
74,93,1
76,98,0
114,87,3
75,96,0
98,90,3
118,90,3
95,91,2
61,100,0
90,89,3
61,99,0
102,90,3
92,90,2
88,92,2
115,85,3
78,96,1
76,95,0
95,91,2
72,93,1
82,93,2
95,92,2
79,95,0
74,95,0
80,97,0
87,94,2
89,91,2
80,100,0
82,98,1
84,97,1
75,98,0
100,94,2
88,95,2
118,90,3
85,91,2
104,89,3
67,100,0
81,95,1
74,93,1
89,91,2
91,93,2
76,97,1
73,97,0
85,93,2
73,94,1
104,88,3
90,91,2
101,89,3
95,88,3
83,97,1
68,98,0
77,95,0
99,95,2
73,97,0
119,88,3
80,92,2
79,97,0
74,98,0
76,95,1
61,99,0
119,87,3
72,95,1
95,85,3
81,90,2
109,87,3
78,94,1
64,99,0
96,89,3
89,97,1
76,95,0
90,95,2
116,87,3
66,95,0
65,97,0
94,94,2
91,90,3
95,94,2
99,88,3
77,98,1
73,96,0
86,92,2
78,100,0
100,88,3
80,94,1
89,90,2
75,94,1
63,99,0
116,88,3
99,90,2
84,97,1
97,95,2
86,91,2
75,98,0
70,96,0
63,100,0
84,93,2
86,90,2
88,97,1
97,91,2
83,95,1
85,94,1
71,96,0
96,91,2
90,97,1
62,100,0
73,97,1
70,94,1
83,90,2
79,96,1
113,88,3
94,85,3
83,93,2
99,89,3
62,95,0
99,86,3
114,89,3
99,95,2
87,96,1
76,98,1
81,95,2
95,90,2
69,96,0
75,95,1
92,85,3
88,98,1
82,94,1
87,95,2
76,97,1
67,100,0
119,87,3
97,93,2
